Domain,Country,Metric,Food Category,Year,Unit,Cost_USD_per_person_per_day,Flag Description,Affordability_Ratio
Cost and Affordability of a Healthy Diet (CoAHD),Pakistan,Value,"Cost of a healthy diet (CoHD), LCU per person per day",2017,LCU/cap/d,97.34,Estimated value,45.27441860465117
Cost and Affordability of a Healthy Diet (CoAHD),Pakistan,Value,"Cost of a healthy diet (CoHD), LCU per person per day",2018,LCU/cap/d,99.49,Estimated value,46.27441860465116
Cost and Affordability of a Healthy Diet (CoAHD),Pakistan,Value,"Cost of a healthy diet (CoHD), LCU per person per day",2019,LCU/cap/d,109.92,Estimated value,51.12558139534884
Cost and Affordability of a Healthy Diet (CoAHD),Pakistan,Value,"Cost of a healthy diet (CoHD), LCU per person per day",2020,LCU/cap/d,126.96,Estimated value,59.051162790697674
Cost and Affordability of a Healthy Diet (CoAHD),Pakistan,Value,"Cost of a healthy diet (CoHD), LCU per person per day",2021,LCU/cap/d,140.33,Estimated value,65.26976744186048
Cost and Affordability of a Healthy Diet (CoAHD),Pakistan,Value,"Cost of a healthy diet (CoHD), LCU per person per day",2022,LCU/cap/d,174.55,Estimated value,81.18604651162792
Cost and Affordability of a Healthy Diet (CoAHD),Pakistan,Value,"Cost of a healthy diet (CoHD), LCU per person per day",2023,LCU/cap/d,241.77,Estimated value,112.45116279069768
Cost and Affordability of a Healthy Diet (CoAHD),Pakistan,Value,"Cost of a healthy diet (CoHD), LCU per person per day",2024,LCU/cap/d,256.13,Estimated value,119.13023255813954
Cost and Affordability of a Healthy Diet (CoAHD),Pakistan,Value,"Cost of a healthy diet (CoHD), PPP dollar per person per day",2017,Int$ (PPP) per person per day,2.97,Estimated value,1.3813953488372095
Cost and Affordability of a Healthy Diet (CoAHD),Pakistan,Value,"Cost of a healthy diet (CoHD), PPP dollar per person per day",2018,Int$ (PPP) per person per day,2.91,Estimated value,1.3534883720930233
Cost and Affordability of a Healthy Diet (CoAHD),Pakistan,Value,"Cost of a healthy diet (CoHD), PPP dollar per person per day",2019,Int$ (PPP) per person per day,2.95,Estimated value,1.3720930232558142
Cost and Affordability of a Healthy Diet (CoAHD),Pakistan,Value,"Cost of a healthy diet (CoHD), PPP dollar per person per day",2020,Int$ (PPP) per person per day,3.18,Estimated value,1.4790697674418607
Cost and Affordability of a Healthy Diet (CoAHD),Pakistan,Value,"Cost of a healthy diet (CoHD), PPP dollar per person per day",2021,Int$ (PPP) per person per day,3.3,Estimated value,1.5348837209302326
Cost and Affordability of a Healthy Diet (CoAHD),Pakistan,Value,"Cost of a healthy diet (CoHD), PPP dollar per person per day",2022,Int$ (PPP) per person per day,3.7,Estimated value,1.7209302325581397
Cost and Affordability of a Healthy Diet (CoAHD),Pakistan,Value,"Cost of a healthy diet (CoHD), PPP dollar per person per day",2023,Int$ (PPP) per person per day,4.08,Estimated value,1.8976744186046512
Cost and Affordability of a Healthy Diet (CoAHD),Pakistan,Value,"Cost of a healthy diet (CoHD), PPP dollar per person per day",2024,Int$ (PPP) per person per day,3.95,Estimated value,1.8372093023255816
Cost and Affordability of a Healthy Diet (CoAHD),Pakistan,Value,"Cost of starchy staples, LCU per person per day",2021,LCU/cap/d,19.15,Estimated value,8.906976744186046
Cost and Affordability of a Healthy Diet (CoAHD),Pakistan,Value,"Cost of starchy staples, PPP dollar per person per day",2021,Int$ (PPP) per person per day,0.45,Estimated value,0.20930232558139536
Cost and Affordability of a Healthy Diet (CoAHD),Pakistan,Value,"Cost of animal source foods, LCU per person per day",2021,LCU/cap/d,46.11,Estimated value,21.44651162790698
Cost and Affordability of a Healthy Diet (CoAHD),Pakistan,Value,"Cost of animal source foods, PPP dollar per person per day",2021,Int$ (PPP) per person per day,1.08,Estimated value,0.5023255813953489
Cost and Affordability of a Healthy Diet (CoAHD),Pakistan,Value,"Cost of legumes, nuts and seeds, LCU per person per day",2021,LCU/cap/d,14.04,Estimated value,6.530232558139534
Cost and Affordability of a Healthy Diet (CoAHD),Pakistan,Value,"Cost of legumes, nuts and seeds, PPP dollar per person per day",2021,Int$ (PPP) per person per day,0.33,Estimated value,0.15348837209302327
Cost and Affordability of a Healthy Diet (CoAHD),Pakistan,Value,"Cost of vegetables, LCU per person per day",2021,LCU/cap/d,16.58,Estimated value,7.7116279069767435
Cost and Affordability of a Healthy Diet (CoAHD),Pakistan,Value,"Cost of vegetables, PPP dollar per person per day",2021,Int$ (PPP) per person per day,0.39,Estimated value,0.1813953488372093
Cost and Affordability of a Healthy Diet (CoAHD),Pakistan,Value,"Cost of fruits, LCU per person per day",2021,LCU/cap/d,32.77,Estimated value,15.24186046511628
Cost and Affordability of a Healthy Diet (CoAHD),Pakistan,Value,"Cost of fruits, PPP dollar per person per day",2021,Int$ (PPP) per person per day,0.77,Estimated value,0.35813953488372097
Cost and Affordability of a Healthy Diet (CoAHD),Pakistan,Value,"Cost of oils and fats, LCU per person per day",2021,LCU/cap/d,11.68,Estimated value,5.432558139534883
Cost and Affordability of a Healthy Diet (CoAHD),Pakistan,Value,"Cost of oils and fats, PPP dollar per person per day",2021,Int$ (PPP) per person per day,0.27,Estimated value,0.12558139534883722
Cost and Affordability of a Healthy Diet (CoAHD),Pakistan,Value,"Prevalence of unaffordability (PUA), percent",2017,%,58.6,Estimated value,27.255813953488374
Cost and Affordability of a Healthy Diet (CoAHD),Pakistan,Value,"Prevalence of unaffordability (PUA), percent",2018,%,57.3,Estimated value,26.651162790697676
Cost and Affordability of a Healthy Diet (CoAHD),Pakistan,Value,"Prevalence of unaffordability (PUA), percent",2019,%,58.7,Estimated value,27.30232558139535
Cost and Affordability of a Healthy Diet (CoAHD),Pakistan,Value,"Prevalence of unaffordability (PUA), percent",2020,%,61.0,Estimated value,28.372093023255815
Cost and Affordability of a Healthy Diet (CoAHD),Pakistan,Value,"Prevalence of unaffordability (PUA), percent",2021,%,59.4,Estimated value,27.627906976744185
Cost and Affordability of a Healthy Diet (CoAHD),Pakistan,Value,"Prevalence of unaffordability (PUA), percent",2022,%,59.3,Estimated value,27.58139534883721
Cost and Affordability of a Healthy Diet (CoAHD),Pakistan,Value,"Prevalence of unaffordability (PUA), percent",2023,%,63.8,Estimated value,29.674418604651162
Cost and Affordability of a Healthy Diet (CoAHD),Pakistan,Value,"Prevalence of unaffordability (PUA), percent",2024,%,60.3,Estimated value,28.046511627906977
Cost and Affordability of a Healthy Diet (CoAHD),Pakistan,Value,"Number of people unable to afford a healthy diet (NUA), million",2017,million No,130.9,Estimated value,60.88372093023256
Cost and Affordability of a Healthy Diet (CoAHD),Pakistan,Value,"Number of people unable to afford a healthy diet (NUA), million",2018,million No,130.1,Estimated value,60.51162790697674
Cost and Affordability of a Healthy Diet (CoAHD),Pakistan,Value,"Number of people unable to afford a healthy diet (NUA), million",2019,million No,135.5,Estimated value,63.02325581395349
Cost and Affordability of a Healthy Diet (CoAHD),Pakistan,Value,"Number of people unable to afford a healthy diet (NUA), million",2020,million No,143.2,Estimated value,66.60465116279069
Cost and Affordability of a Healthy Diet (CoAHD),Pakistan,Value,"Number of people unable to afford a healthy diet (NUA), million",2021,million No,142.2,Estimated value,66.13953488372093
Cost and Affordability of a Healthy Diet (CoAHD),Pakistan,Value,"Number of people unable to afford a healthy diet (NUA), million",2022,million No,144.4,Estimated value,67.16279069767442
Cost and Affordability of a Healthy Diet (CoAHD),Pakistan,Value,"Number of people unable to afford a healthy diet (NUA), million",2023,million No,157.9,Estimated value,73.44186046511628
Cost and Affordability of a Healthy Diet (CoAHD),Pakistan,Value,"Number of people unable to afford a healthy diet (NUA), million",2024,million No,151.4,Estimated value,70.4186046511628
